{
  "NPa": 1,
  "bases": [
    {
      "p": 3,
      "knot": [
        0.0,
        0.0,
        0.0,
        0.0,
        0.33,
        0.67,
        1.0,
        1.0,
        1.0,
        1.0
      ],
      "m": 9,
      "n": 5,
      "span": [
        0.0,
        1.0
      ]
    }
  ],
  "ctrl_pts": [
    [
      0.9939534789395694,
      1.0105011597216733,
      0.5963158838750426,
      -0.5963158838750431,
      -1.0105011597216718,
      -0.9939534789395716
    ],
    [
      0.005633825100321524,
      0.3396127694794904,
      1.0434642071680906,
      1.043464207168085,
      0.33961276947949615,
      0.005633825100316768
    ]
  ]
}