{
  "NPa": 3,
  "bases": [
    {
      "p": 2,
      "knot": [
        0.0,
        0.0,
        0.0,
        0.5,
        1.0,
        1.0,
        1.0
      ],
      "m": 6,
      "n": 3,
      "span": [
        0.0,
        1.0
      ]
    },
    {
      "p": 2,
      "knot": [
        0.0,
        0.0,
        0.0,
        0.5,
        1.0,
        1.0,
        1.0
      ],
      "m": 6,
      "n": 3,
      "span": [
        0.0,
        1.0
      ]
    },
    {
      "p": 2,
      "knot": [
        0.0,
        0.0,
        0.0,
        0.5,
        1.0,
        1.0,
        1.0
      ],
      "m": 6,
      "n": 3,
      "span": [
        0.0,
        1.0
      ]
    }
  ],
  "ctrl_pts": [
    [
      [
        [
          -0.5763221258946578,
          -0.7056968090355703,
          -0.705696809035563,
          -0.576322125894662
        ],
        [
          -0.7056968090355699,
          -0.9944523004940451,
          -0.9944523004940558,
          -0.7056968090355643
        ],
        [
          -0.7056968090355619,
          -0.9944523004940542,
          -0.9944523004940458,
          -0.7056968090355666
        ],
        [
          -0.5763221258946611,
          -0.7056968090355658,
          -0.7056968090355629,
          -0.5763221258946636
        ]
      ],
      [
        [
          -0.32210780860068494,
          -0.4154528830773552,
          -0.4154528830773594,
          -0.32210780860068194
        ],
        [
          -0.4154528830773565,
          -0.285650438528678,
          -0.2856504385286763,
          -0.41545288307736256
        ],
        [
          -0.41545288307736006,
          -0.2856504385286729,
          -0.28565043852868544,
          -0.41545288307735473
        ],
        [
          -0.3221078086006836,
          -0.41545288307735895,
          -0.4154528830773591,
          -0.3221078086006823
        ]
      ],
      [
        [
          0.3221078086006839,
          0.4154528830773565,
          0.4154528830773596,
          0.32210780860068156
        ],
        [
          0.41545288307735684,
          0.28565043852868244,
          0.2856504385286824,
          0.41545288307736206
        ],
        [
          0.41545288307736095,
          0.2856504385286809,
          0.285650438528692,
          0.4154528830773553
        ],
        [
          0.32210780860068156,
          0.4154528830773603,
          0.415452883077358,
          0.3221078086006813
        ]
      ],
      [
        [
          0.5763221258946604,
          0.7056968090355643,
          0.705696809035562,
          0.5763221258946618
        ],
        [
          0.7056968090355615,
          0.9944523004940498,
          0.9944523004940545,
          0.7056968090355591
        ],
        [
          0.7056968090355648,
          0.9944523004940504,
          0.9944523004940393,
          0.7056968090355681
        ],
        [
          0.5763221258946621,
          0.7056968090355624,
          0.7056968090355644,
          0.5763221258946623
        ]
      ]
    ],
    [
      [
        [
          -0.5763221258946656,
          -0.7056968090355621,
          -0.7056968090355603,
          -0.5763221258946667
        ],
        [
          -0.3221078086006813,
          -0.4154528830773619,
          -0.4154528830773644,
          -0.3221078086006801
        ],
        [
          0.32210780860068244,
          0.4154528830773616,
          0.41545288307736483,
          0.32210780860068106
        ],
        [
          0.5763221258946644,
          0.7056968090355606,
          0.7056968090355571,
          0.5763221258946664
        ]
      ],
      [
        [
          -0.7056968090355543,
          -0.9944523004940551,
          -0.9944523004940566,
          -0.7056968090355533
        ],
        [
          -0.41545288307735295,
          -0.2856504385286781,
          -0.2856504385286828,
          -0.4154528830773552
        ],
        [
          0.4154528830773482,
          0.28565043852868277,
          0.28565043852868477,
          0.41545288307735107
        ],
        [
          0.7056968090355619,
          0.9944523004940511,
          0.9944523004940563,
          0.7056968090355598
        ]
      ],
      [
        [
          -0.7056968090355697,
          -0.9944523004940455,
          -0.9944523004940401,
          -0.7056968090355715
        ],
        [
          -0.4154528830773706,
          -0.28565043852870237,
          -0.28565043852870464,
          -0.4154528830773654
        ],
        [
          0.41545288307737654,
          0.2856504385286962,
          0.285650438528703,
          0.4154528830773702
        ],
        [
          0.7056968090355598,
          0.9944523004940542,
          0.9944523004940432,
          0.7056968090355633
        ]
      ],
      [
        [
          -0.5763221258946577,
          -0.7056968090355643,
          -0.7056968090355641,
          -0.5763221258946578
        ],
        [
          -0.322107808600683,
          -0.4154528830773596,
          -0.4154528830773573,
          -0.322107808600684
        ],
        [
          0.32210780860068056,
          0.41545288307736095,
          0.41545288307735684,
          0.32210780860068233
        ],
        [
          0.5763221258946633,
          0.705696809035561,
          0.7056968090355656,
          0.5763221258946617
        ]
      ]
    ],
    [
      [
        [
          -0.5763221258946685,
          -0.32210780860067834,
          0.3221078086006782,
          0.57632212589467
        ],
        [
          -0.7056968090355558,
          -0.4154528830773653,
          0.415452883077365,
          0.7056968090355522
        ],
        [
          -0.7056968090355635,
          -0.41545288307736145,
          0.41545288307736133,
          0.7056968090355671
        ],
        [
          -0.5763221258946629,
          -0.3221078086006848,
          0.3221078086006848,
          0.5763221258946626
        ]
      ],
      [
        [
          -0.7056968090355467,
          -0.4154528830773658,
          0.415452883077366,
          0.7056968090355438
        ],
        [
          -0.9944523004940776,
          -0.2856504385286627,
          0.2856504385286608,
          0.994452300494085
        ],
        [
          -0.9944523004940298,
          -0.28565043852870153,
          0.28565043852870514,
          0.9944523004940251
        ],
        [
          -0.7056968090355685,
          -0.4154528830773397,
          0.41545288307733874,
          0.7056968090355697
        ]
      ],
      [
        [
          -0.7056968090355782,
          -0.415452883077354,
          0.4154528830773535,
          0.7056968090355809
        ],
        [
          -0.9944523004940253,
          -0.2856504385287177,
          0.28565043852872046,
          0.9944523004940189
        ],
        [
          -0.9944523004940686,
          -0.2856504385286849,
          0.2856504385286813,
          0.9944523004940724
        ],
        [
          -0.7056968090355532,
          -0.4154528830773845,
          0.41545288307738504,
          0.7056968090355529
        ]
      ],
      [
        [
          -0.5763221258946553,
          -0.3221078086006888,
          0.3221078086006892,
          0.5763221258946545
        ],
        [
          -0.7056968090355691,
          -0.41545288307735095,
          0.4154528830773491,
          0.7056968090355729
        ],
        [
          -0.705696809035559,
          -0.4154528830773636,
          0.4154528830773649,
          0.7056968090355568
        ],
        [
          -0.5763221258946644,
          -0.3221078086006777,
          0.32210780860067745,
          0.5763221258946648
        ]
      ]
    ]
  ]
}