{
  "NPa": 3,
  "bases": [
    {
      "p": 2,
      "knot": [
        0.0,
        0.0,
        0.0,
        0.5,
        1.0,
        1.0,
        1.0
      ],
      "m": 6,
      "n": 3,
      "span": [
        0.0,
        1.0
      ]
    },
    {
      "p": 2,
      "knot": [
        0.0,
        0.0,
        0.0,
        0.5,
        1.0,
        1.0,
        1.0
      ],
      "m": 6,
      "n": 3,
      "span": [
        0.0,
        1.0
      ]
    },
    {
      "p": 2,
      "knot": [
        0.0,
        0.0,
        0.0,
        0.5,
        1.0,
        1.0,
        1.0
      ],
      "m": 6,
      "n": 3,
      "span": [
        0.0,
        1.0
      ]
    }
  ],
  "ctrl_pts": [
    [
      [
        [
          -0.5763221258946591,
          -0.7056968090355673,
          -0.7056968090355662,
          -0.5763221258946593
        ],
        [
          -0.705696809035568,
          -0.99445230049405,
          -0.9944523004940519,
          -0.7056968090355683
        ],
        [
          -0.7056968090355626,
          -0.9944523004940541,
          -0.9944523004940465,
          -0.7056968090355642
        ],
        [
          -0.5763221258946616,
          -0.7056968090355641,
          -0.7056968090355644,
          -0.5763221258946629
        ]
      ],
      [
        [
          -0.3221078086006846,
          -0.4154528830773566,
          -0.4154528830773572,
          -0.3221078086006835
        ],
        [
          -0.4154528830773573,
          -0.2856504385286743,
          -0.28565043852867916,
          -0.4154528830773605
        ],
        [
          -0.4154528830773596,
          -0.285650438528675,
          -0.2856504385286839,
          -0.4154528830773553
        ],
        [
          -0.3221078086006831,
          -0.4154528830773601,
          -0.4154528830773573,
          -0.3221078086006832
        ]
      ],
      [
        [
          0.3221078086006842,
          0.4154528830773575,
          0.41545288307735784,
          0.32210780860068233
        ],
        [
          0.4154528830773573,
          0.2856504385286782,
          0.28565043852868555,
          0.4154528830773614
        ],
        [
          0.4154528830773604,
          0.2856504385286853,
          0.2856504385286882,
          0.4154528830773555
        ],
        [
          0.32210780860068144,
          0.4154528830773607,
          0.41545288307735706,
          0.32210780860068233
        ]
      ],
      [
        [
          0.5763221258946594,
          0.7056968090355635,
          0.7056968090355633,
          0.5763221258946614
        ],
        [
          0.7056968090355615,
          0.9944523004940531,
          0.9944523004940498,
          0.7056968090355594
        ],
        [
          0.7056968090355654,
          0.9944523004940451,
          0.9944523004940465,
          0.7056968090355673
        ],
        [
          0.5763221258946618,
          0.7056968090355632,
          0.7056968090355633,
          0.5763221258946619
        ]
      ]
    ],
    [
      [
        [
          -0.576322125894666,
          -0.7056968090355609,
          -0.7056968090355618,
          -0.5763221258946665
        ],
        [
          -0.3221078086006814,
          -0.4154528830773624,
          -0.41545288307736317,
          -0.32210780860068117
        ],
        [
          0.3221078086006828,
          0.41545288307736183,
          0.4154528830773637,
          0.3221078086006819
        ],
        [
          0.5763221258946641,
          0.7056968090355609,
          0.7056968090355573,
          0.5763221258946657
        ]
      ],
      [
        [
          -0.705696809035554,
          -0.9944523004940564,
          -0.9944523004940531,
          -0.7056968090355559
        ],
        [
          -0.41545288307735295,
          -0.28565043852867594,
          -0.28565043852868693,
          -0.41545288307735206
        ],
        [
          0.4154528830773485,
          0.28565043852867933,
          0.2856504385286891,
          0.41545288307734896
        ],
        [
          0.7056968090355613,
          0.9944523004940538,
          0.9944523004940531,
          0.7056968090355614
        ]
      ],
      [
        [
          -0.7056968090355701,
          -0.9944523004940444,
          -0.9944523004940441,
          -0.7056968090355697
        ],
        [
          -0.41545288307737005,
          -0.28565043852870553,
          -0.2856504385287002,
          -0.41545288307736794
        ],
        [
          0.41545288307737616,
          0.2856504385287,
          0.2856504385286982,
          0.41545288307737216
        ],
        [
          0.7056968090355598,
          0.9944523004940529,
          0.9944523004940464,
          0.7056968090355609
        ]
      ],
      [
        [
          -0.5763221258946576,
          -0.7056968090355654,
          -0.705696809035562,
          -0.5763221258946591
        ],
        [
          -0.3221078086006833,
          -0.4154528830773573,
          -0.41545288307735995,
          -0.32210780860068267
        ],
        [
          0.3221078086006802,
          0.4154528830773593,
          0.41545288307735895,
          0.32210780860068144
        ],
        [
          0.5763221258946634,
          0.7056968090355618,
          0.705696809035564,
          0.5763221258946623
        ]
      ]
    ],
    [
      [
        [
          -0.5763221258946677,
          -0.32210780860067934,
          0.3221078086006795,
          0.5763221258946687
        ],
        [
          -0.7056968090355565,
          -0.41545288307736417,
          0.4154528830773639,
          0.7056968090355542
        ],
        [
          -0.705696809035564,
          -0.41545288307736183,
          0.4154528830773618,
          0.7056968090355654
        ],
        [
          -0.5763221258946639,
          -0.3221078086006841,
          0.3221078086006841,
          0.5763221258946637
        ]
      ],
      [
        [
          -0.7056968090355479,
          -0.41545288307736317,
          0.415452883077362,
          0.7056968090355482
        ],
        [
          -0.9944523004940764,
          -0.28565043852866656,
          0.2856504385286667,
          0.9944523004940773
        ],
        [
          -0.9944523004940282,
          -0.28565043852869965,
          0.28565043852870087,
          0.9944523004940331
        ],
        [
          -0.7056968090355661,
          -0.4154528830773403,
          0.41545288307733985,
          0.7056968090355658
        ]
      ],
      [
        [
          -0.7056968090355767,
          -0.41545288307735656,
          0.4154528830773576,
          0.7056968090355759
        ],
        [
          -0.994452300494024,
          -0.2856504385287152,
          0.28565043852871463,
          0.9944523004940269
        ],
        [
          -0.9944523004940731,
          -0.2856504385286851,
          0.2856504385286851,
          0.9944523004940644
        ],
        [
          -0.7056968090355542,
          -0.41545288307738537,
          0.4154528830773848,
          0.7056968090355564
        ]
      ],
      [
        [
          -0.576322125894655,
          -0.3221078086006879,
          0.32210780860068744,
          0.5763221258946565
        ],
        [
          -0.7056968090355723,
          -0.4154528830773492,
          0.4154528830773496,
          0.7056968090355695
        ],
        [
          -0.7056968090355543,
          -0.415452883077367,
          0.41545288307736616,
          0.7056968090355592
        ],
        [
          -0.5763221258946651,
          -0.32210780860067656,
          0.3221078086006768,
          0.5763221258946639
        ]
      ]
    ]
  ]
}