{
  "NPa": 3,
  "bases": [
    {
      "p": 2,
      "knot": [
        0.0,
        0.0,
        0.0,
        0.5,
        1.0,
        1.0,
        1.0
      ],
      "m": 6,
      "n": 3,
      "span": [
        0.0,
        1.0
      ]
    },
    {
      "p": 2,
      "knot": [
        0.0,
        0.0,
        0.0,
        0.5,
        1.0,
        1.0,
        1.0
      ],
      "m": 6,
      "n": 3,
      "span": [
        0.0,
        1.0
      ]
    },
    {
      "p": 2,
      "knot": [
        0.0,
        0.0,
        0.0,
        0.5,
        1.0,
        1.0,
        1.0
      ],
      "m": 6,
      "n": 3,
      "span": [
        0.0,
        1.0
      ]
    }
  ],
  "ctrl_pts": [
    [
      [
        [
          -0.5763221258946589,
          -0.7056968090355675,
          -0.7056968090355655,
          -0.5763221258946595
        ],
        [
          -0.7056968090355686,
          -0.994452300494051,
          -0.9944523004940522,
          -0.7056968090355676
        ],
        [
          -0.705696809035562,
          -0.994452300494053,
          -0.9944523004940455,
          -0.7056968090355653
        ],
        [
          -0.5763221258946615,
          -0.7056968090355641,
          -0.7056968090355649,
          -0.5763221258946628
        ]
      ],
      [
        [
          -0.3221078086006847,
          -0.41545288307735656,
          -0.41545288307735706,
          -0.3221078086006835
        ],
        [
          -0.4154528830773564,
          -0.2856504385286776,
          -0.28565043852867716,
          -0.41545288307736067
        ],
        [
          -0.41545288307736095,
          -0.28565043852867295,
          -0.28565043852868577,
          -0.4154528830773554
        ],
        [
          -0.32210780860068255,
          -0.41545288307736006,
          -0.41545288307735784,
          -0.3221078086006823
        ]
      ],
      [
        [
          0.3221078086006839,
          0.4154528830773578,
          0.4154528830773572,
          0.32210780860068255
        ],
        [
          0.41545288307735595,
          0.2856504385286834,
          0.28565043852868255,
          0.4154528830773612
        ],
        [
          0.415452883077362,
          0.28565043852868177,
          0.2856504385286911,
          0.4154528830773563
        ],
        [
          0.3221078086006806,
          0.4154528830773606,
          0.4154528830773577,
          0.32210780860068117
        ]
      ],
      [
        [
          0.5763221258946595,
          0.705696809035564,
          0.7056968090355634,
          0.5763221258946608
        ],
        [
          0.7056968090355631,
          0.9944523004940493,
          0.9944523004940526,
          0.7056968090355601
        ],
        [
          0.7056968090355639,
          0.9944523004940486,
          0.9944523004940432,
          0.7056968090355662
        ],
        [
          0.5763221258946626,
          0.7056968090355629,
          0.7056968090355634,
          0.5763221258946627
        ]
      ]
    ],
    [
      [
        [
          -0.576322125894666,
          -0.7056968090355603,
          -0.7056968090355616,
          -0.5763221258946661
        ],
        [
          -0.3221078086006812,
          -0.4154528830773632,
          -0.4154528830773631,
          -0.32210780860068117
        ],
        [
          0.32210780860068267,
          0.4154528830773626,
          0.415452883077364,
          0.32210780860068194
        ],
        [
          0.5763221258946645,
          0.7056968090355602,
          0.7056968090355573,
          0.5763221258946654
        ]
      ],
      [
        [
          -0.705696809035553,
          -0.9944523004940582,
          -0.994452300494054,
          -0.7056968090355545
        ],
        [
          -0.415452883077353,
          -0.285650438528678,
          -0.2856504385286832,
          -0.4154528830773538
        ],
        [
          0.41545288307734796,
          0.2856504385286817,
          0.2856504385286852,
          0.41545288307734995
        ],
        [
          0.7056968090355615,
          0.9944523004940518,
          0.9944523004940562,
          0.7056968090355605
        ]
      ],
      [
        [
          -0.7056968090355721,
          -0.9944523004940428,
          -0.9944523004940425,
          -0.7056968090355711
        ],
        [
          -0.41545288307736955,
          -0.28565043852870253,
          -0.28565043852870486,
          -0.4154528830773662
        ],
        [
          0.4154528830773763,
          0.2856504385286964,
          0.28565043852870325,
          0.41545288307737127
        ],
        [
          0.7056968090355598,
          0.9944523004940549,
          0.9944523004940427,
          0.7056968090355618
        ]
      ],
      [
        [
          -0.5763221258946564,
          -0.7056968090355659,
          -0.7056968090355625,
          -0.5763221258946586
        ],
        [
          -0.32210780860068394,
          -0.41545288307735756,
          -0.41545288307735934,
          -0.322107808600683
        ],
        [
          0.32210780860068094,
          0.4154528830773594,
          0.4154528830773585,
          0.32210780860068106
        ],
        [
          0.5763221258946624,
          0.7056968090355624,
          0.7056968090355641,
          0.5763221258946627
        ]
      ]
    ],
    [
      [
        [
          -0.5763221258946671,
          -0.32210780860067934,
          0.3221078086006792,
          0.5763221258946689
        ],
        [
          -0.7056968090355571,
          -0.41545288307736467,
          0.41545288307736467,
          0.7056968090355528
        ],
        [
          -0.7056968090355625,
          -0.41545288307736195,
          0.4154528830773615,
          0.7056968090355672
        ],
        [
          -0.5763221258946646,
          -0.32210780860068405,
          0.3221078086006843,
          0.5763221258946625
        ]
      ],
      [
        [
          -0.7056968090355488,
          -0.415452883077363,
          0.4154528830773624,
          0.7056968090355483
        ],
        [
          -0.9944523004940756,
          -0.2856504385286667,
          0.28565043852866584,
          0.9944523004940788
        ],
        [
          -0.9944523004940315,
          -0.285650438528699,
          0.2856504385287022,
          0.9944523004940298
        ],
        [
          -0.7056968090355646,
          -0.4154528830773414,
          0.4154528830773401,
          0.705696809035568
        ]
      ],
      [
        [
          -0.7056968090355764,
          -0.41545288307735656,
          0.41545288307735695,
          0.7056968090355766
        ],
        [
          -0.994452300494026,
          -0.28565043852871475,
          0.2856504385287159,
          0.9944523004940248
        ],
        [
          -0.9944523004940679,
          -0.2856504385286868,
          0.2856504385286843,
          0.9944523004940675
        ],
        [
          -0.7056968090355561,
          -0.41545288307738404,
          0.4154528830773849,
          0.7056968090355535
        ]
      ],
      [
        [
          -0.5763221258946548,
          -0.3221078086006879,
          0.32210780860068755,
          0.5763221258946564
        ],
        [
          -0.7056968090355704,
          -0.41545288307735095,
          0.4154528830773505,
          0.7056968090355699
        ],
        [
          -0.7056968090355576,
          -0.4154528830773645,
          0.4154528830773651,
          0.7056968090355582
        ],
        [
          -0.5763221258946638,
          -0.3221078086006776,
          0.3221078086006772,
          0.5763221258946647
        ]
      ]
    ]
  ]
}