{
  "NPa": 2,
  "bases": [
    {
      "p": 2,
      "knot": [
        0.0,
        0.0,
        0.0,
        0.3333333333333333,
        0.6666666666666666,
        1.0,
        1.0,
        1.0
      ],
      "m": 7,
      "n": 4,
      "span": [
        0.0,
        1.0
      ]
    },
    {
      "p": 2,
      "knot": [
        0.0,
        0.0,
        0.0,
        0.3333333333333333,
        0.6666666666666666,
        1.0,
        1.0,
        1.0
      ],
      "m": 7,
      "n": 4,
      "span": [
        0.0,
        1.0
      ]
    }
  ],
  "ctrl_pts": [
    [
      [
        -0.6997921519529758,
        -0.8432409590601678,
        -1.0524797936228942,
        -0.8432409590601672,
        -0.699792151952976
      ],
      [
        -0.6172332274565743,
        -0.4164493165026345,
        -0.7168435732688522,
        -0.41644931650263495,
        -0.6172332274565745
      ],
      [
        -9.21126356749983e-16,
        -1.003537530852583e-15,
        2.5566722073211212e-15,
        -8.713267259685965e-16,
        -1.2212453270876722e-15
      ],
      [
        0.6172332274565768,
        0.4164493165026364,
        0.7168435732688466,
        0.4164493165026356,
        0.6172332274565779
      ],
      [
        0.6997921519529733,
        0.8432409590601746,
        1.052479793622888,
        0.8432409590601763,
        0.6997921519529724
      ]
    ],
    [
      [
        -0.6997921519529745,
        -0.6172332274565763,
        5.028153119456242e-16,
        0.6172332274565749,
        0.6997921519529746
      ],
      [
        -0.8432409590601723,
        -0.41644931650263484,
        7.476658181460039e-16,
        0.41644931650263306,
        0.8432409590601742
      ],
      [
        -1.0524797936228898,
        -0.7168435732688504,
        -7.678639668029644e-16,
        0.7168435732688521,
        1.0524797936228882
      ],
      [
        -0.8432409590601729,
        -0.41644931650263595,
        1.4408591380535737e-15,
        0.4164493165026315,
        0.8432409590601759
      ],
      [
        -0.6997921519529737,
        -0.6172332274565764,
        -1.1102230246251565e-16,
        0.6172332274565768,
        0.6997921519529727
      ]
    ]
  ]
}