{
  "NPa": 2,
  "bases": [
    {
      "p": 2,
      "knot": [
        0.0,
        0.0,
        0.0,
        0.3333333333333333,
        0.6666666666666666,
        1.0,
        1.0,
        1.0
      ],
      "m": 7,
      "n": 4,
      "span": [
        0.0,
        1.0
      ]
    },
    {
      "p": 2,
      "knot": [
        0.0,
        0.0,
        0.0,
        0.3333333333333333,
        0.6666666666666666,
        1.0,
        1.0,
        1.0
      ],
      "m": 7,
      "n": 4,
      "span": [
        0.0,
        1.0
      ]
    }
  ],
  "ctrl_pts": [
    [
      [
        -0.7070829884220803,
        -0.8381641065792904,
        -1.0560915686237462,
        -0.8381641065792895,
        -0.7070829884220801
      ],
      [
        -0.6149220722965542,
        -0.41809612384456796,
        -0.7156626233783878,
        -0.41809612384456857,
        -0.6149220722965543
      ],
      [
        -1.2665649778975663e-15,
        -3.3259123877442436e-15,
        4.773959005888173e-15,
        -3.1554458556043933e-15,
        -1.0629518099047885e-15
      ],
      [
        0.614922072296557,
        0.4180961238445775,
        0.7156626233783746,
        0.41809612384457767,
        0.6149220722965567
      ],
      [
        0.7070829884220803,
        0.8381641065792858,
        1.056091568623753,
        0.8381641065792848,
        0.7070829884220806
      ]
    ],
    [
      [
        -0.7070829884220804,
        -0.6149220722965556,
        9.74509892435273e-17,
        0.6149220722965552,
        0.7070829884220806
      ],
      [
        -0.8381641065792889,
        -0.41809612384457034,
        -1.1102230246251565e-15,
        0.41809612384457295,
        0.8381641065792884
      ],
      [
        -1.0560915686237486,
        -0.7156626233783839,
        6.106226635438361e-16,
        0.7156626233783824,
        1.0560915686237502
      ],
      [
        -0.8381641065792873,
        -0.4180961238445728,
        5.828670879282072e-16,
        0.4180961238445707,
        0.838164106579288
      ],
      [
        -0.7070829884220802,
        -0.614922072296556,
        -3.803111926696158e-16,
        0.6149220722965568,
        0.7070829884220803
      ]
    ]
  ]
}