{
  "NPa": 2,
  "bases": [
    {
      "p": 2,
      "knot": [
        0.0,
        0.0,
        0.0,
        0.3333333333333333,
        0.6666666666666666,
        1.0,
        1.0,
        1.0
      ],
      "m": 7,
      "n": 4,
      "span": [
        0.0,
        1.0
      ]
    },
    {
      "p": 2,
      "knot": [
        0.0,
        0.0,
        0.0,
        0.3333333333333333,
        0.6666666666666666,
        1.0,
        1.0,
        1.0
      ],
      "m": 7,
      "n": 4,
      "span": [
        0.0,
        1.0
      ]
    }
  ],
  "ctrl_pts": [
    [
      [
        -0.6997921519529765,
        -0.8432409590601669,
        -1.052479793622895,
        -0.8432409590601668,
        -0.6997921519529762
      ],
      [
        -0.617233227456574,
        -0.4164493165026369,
        -0.7168435732688488,
        -0.41644931650263717,
        -0.6172332274565747
      ],
      [
        -8.135853102331225e-16,
        2.3332030751888055e-16,
        6.485697395808288e-16,
        6.106226635438361e-16,
        -1.1657341758564144e-15
      ],
      [
        0.6172332274565766,
        0.4164493165026355,
        0.7168435732688478,
        0.4164493165026346,
        0.6172332274565778
      ],
      [
        0.6997921519529733,
        0.843240959060174,
        1.052479793622889,
        0.8432409590601753,
        0.6997921519529725
      ]
    ],
    [
      [
        -0.6997921519529744,
        -0.6172332274565762,
        3.3306690738754696e-16,
        0.6172332274565752,
        0.6997921519529746
      ],
      [
        -0.8432409590601726,
        -0.41644931650263406,
        3.4867941867133823e-16,
        0.4164493165026335,
        0.8432409590601736
      ],
      [
        -1.0524797936228893,
        -0.7168435732688514,
        -2.6530427160720294e-16,
        0.7168435732688517,
        1.0524797936228887
      ],
      [
        -0.8432409590601737,
        -0.4164493165026344,
        8.326672684688674e-16,
        0.4164493165026315,
        0.8432409590601757
      ],
      [
        -0.6997921519529732,
        -0.6172332274565766,
        -5.551115123125783e-17,
        0.617233227456577,
        0.6997921519529725
      ]
    ]
  ]
}