{
  "NPa": 2,
  "bases": [
    {
      "p": 2,
      "knot": [
        0.0,
        0.0,
        0.0,
        0.3333333333333333,
        0.6666666666666666,
        1.0,
        1.0,
        1.0
      ],
      "m": 7,
      "n": 4,
      "span": [
        0.0,
        1.0
      ]
    },
    {
      "p": 2,
      "knot": [
        0.0,
        0.0,
        0.0,
        0.3333333333333333,
        0.6666666666666666,
        1.0,
        1.0,
        1.0
      ],
      "m": 7,
      "n": 4,
      "span": [
        0.0,
        1.0
      ]
    }
  ],
  "ctrl_pts": [
    [
      [
        -0.6997921519529758,
        -0.8432409590601676,
        -1.0524797936228942,
        -0.8432409590601675,
        -0.6997921519529758
      ],
      [
        -0.6172332274565744,
        -0.4164493165026351,
        -0.7168435732688516,
        -0.4164493165026351,
        -0.6172332274565747
      ],
      [
        -9.072603779358701e-16,
        -8.79071121451247e-16,
        2.3566218421144924e-15,
        -6.661338147750939e-16,
        -1.1657341758564144e-15
      ],
      [
        0.6172332274565768,
        0.4164493165026364,
        0.7168435732688468,
        0.41644931650263517,
        0.6172332274565779
      ],
      [
        0.6997921519529731,
        0.8432409590601745,
        1.0524797936228882,
        0.8432409590601762,
        0.6997921519529724
      ]
    ],
    [
      [
        -0.6997921519529745,
        -0.6172332274565762,
        3.885780586188048e-16,
        0.6172332274565752,
        0.6997921519529746
      ],
      [
        -0.8432409590601724,
        -0.4164493165026343,
        2.5673907444456745e-16,
        0.4164493165026337,
        0.8432409590601739
      ],
      [
        -1.0524797936228896,
        -0.7168435732688511,
        -3.6808663755882876e-16,
        0.7168435732688518,
        1.0524797936228885
      ],
      [
        -0.8432409590601733,
        -0.4164493165026354,
        1.2212453270876722e-15,
        0.4164493165026314,
        0.8432409590601757
      ],
      [
        -0.6997921519529734,
        -0.6172332274565763,
        -2.7755575615628914e-16,
        0.617233227456577,
        0.6997921519529727
      ]
    ]
  ]
}