{
  "NPa": 2,
  "bases": [
    {
      "p": 2,
      "knot": [
        0.0,
        0.0,
        0.0,
        0.3333333333333333,
        0.6666666666666666,
        1.0,
        1.0,
        1.0
      ],
      "m": 7,
      "n": 4,
      "span": [
        0.0,
        1.0
      ]
    },
    {
      "p": 2,
      "knot": [
        0.0,
        0.0,
        0.0,
        0.3333333333333333,
        0.6666666666666666,
        1.0,
        1.0,
        1.0
      ],
      "m": 7,
      "n": 4,
      "span": [
        0.0,
        1.0
      ]
    }
  ],
  "ctrl_pts": [
    [
      [
        -0.6997921519529758,
        -0.8432409590601677,
        -1.052479793622894,
        -0.8432409590601672,
        -0.6997921519529761
      ],
      [
        -0.6172332274565743,
        -0.4164493165026352,
        -0.7168435732688521,
        -0.4164493165026351,
        -0.6172332274565744
      ],
      [
        -9.71445146547012e-16,
        -4.0947320811827766e-16,
        2.609024107869118e-15,
        -6.12156342694693e-16,
        -1.339206523454095e-15
      ],
      [
        0.6172332274565767,
        0.4164493165026356,
        0.7168435732688461,
        0.4164493165026357,
        0.617233227456578
      ],
      [
        0.6997921519529733,
        0.8432409590601749,
        1.0524797936228878,
        0.8432409590601765,
        0.6997921519529724
      ]
    ],
    [
      [
        -0.6997921519529743,
        -0.6172332274565763,
        3.276243362929072e-16,
        0.6172332274565755,
        0.6997921519529742
      ],
      [
        -0.8432409590601727,
        -0.4164493165026339,
        -2.220446049250313e-16,
        0.4164493165026341,
        0.8432409590601745
      ],
      [
        -1.0524797936228898,
        -0.716843573268851,
        -3.3306690738754696e-16,
        0.7168435732688518,
        1.0524797936228882
      ],
      [
        -0.8432409590601725,
        -0.4164493165026356,
        1.4432899320127035e-15,
        0.416449316502631,
        0.8432409590601759
      ],
      [
        -0.6997921519529735,
        -0.6172332274565765,
        0.0,
        0.6172332274565769,
        0.6997921519529726
      ]
    ]
  ]
}