{
  "NPa": 1,
  "bases": [
    {
      "p": 3,
      "knot": [
        0.0,
        0.0,
        0.0,
        0.0,
        0.3333333333333333,
        0.6666666666666666,
        1.0,
        1.0,
        1.0,
        1.0
      ],
      "m": 9,
      "n": 5,
      "span": [
        0.0,
        1.0
      ]
    }
  ],
  "ctrl_pts": [
    [
      0.9936396925508082,
      1.0110093111224367,
      0.5935783727447411,
      -0.5935783727447412,
      -1.0110093111224359,
      -0.99363969255081
    ],
    [
      0.0050141769790172375,
      0.3439561775340816,
      1.0418968865602602,
      1.0418968865602753,
      0.34395617753406577,
      0.00501417697902998
    ]
  ]
}