{
  "NPa": 1,
  "bases": [
    {
      "p": 3,
      "knot": [
        0.0,
        0.0,
        0.0,
        0.0,
        0.3333333333333333,
        0.6666666666666666,
        1.0,
        1.0,
        1.0,
        1.0
      ],
      "m": 9,
      "n": 5,
      "span": [
        0.0,
        1.0
      ]
    }
  ],
  "ctrl_pts": [
    [
      0.9936396925508071,
      1.0110093111224376,
      0.5935783727447405,
      -0.5935783727447403,
      -1.0110093111224376,
      -0.993639692550808
    ],
    [
      0.005014176979020124,
      0.34395617753407787,
      1.0418968865602638,
      1.0418968865602727,
      0.34395617753406815,
      0.005014176979027984
    ]
  ]
}