{
  "NPa": 1,
  "bases": [
    {
      "p": 3,
      "knot": [
        0.0,
        0.0,
        0.0,
        0.0,
        0.3333333333333333,
        0.6666666666666666,
        1.0,
        1.0,
        1.0,
        1.0
      ],
      "m": 9,
      "n": 5,
      "span": [
        0.0,
        1.0
      ]
    }
  ],
  "ctrl_pts": [
    [
      0.993639692550808,
      1.0110093111224372,
      0.5935783727447408,
      -0.5935783727447409,
      -1.0110093111224359,
      -0.9936396925508099
    ],
    [
      0.0050141769790209125,
      0.34395617753407703,
      1.0418968865602647,
      1.0418968865602714,
      0.3439561775340702,
      0.005014176979026285
    ]
  ]
}